Cluster.ID,Center,Cluster.Score,time_point_1
1,CCTGTAACTATACATCAA,0.000000,1
2,TATTCAGCAGGATTGATAC,0.000000,1
3,GCACCTTCATAAGTGCGCC,0.000000,1
4,TAGATCTGCTGAGAATGGA,0.000000,1
5,CAGTTCAAGTGCGGGCGAC,0.000000,1
6,GCTCCCGTCATCCTACACT,0.000000,1
7,ACTCCGATTCACTAAGTGA,0.000000,1
8,ACTCACAAAACTTTATATC,0.000000,1
9,ACAGAATTAAGAATTGTAT,0.000000,1
10,TCGTACAACGGAGATATAAG,0.000000,1
11,TCATCTTTCACGTTTGTCGG,0.000000,1
12,AACAGGTTAAACGTTCAAAT,0.000000,1
13,GACTGAGACGGTGCAGGATA,0.000000,1
14,CCTACTACCTCATGATGGTG,0.000000,1
15,AATAGGTATTGATCAGATAG,0.000000,1
16,AGTCTTAGAAGTTGAACGCG,0.000000,1
17,AAAACTAGAGGTTGCGATGT,0.000000,1
18,ATGATTACTAAGCACGGGAG,0.000000,1
19,GGGGATACGAATACCACGGA,0.000000,1
20,TCTGTAATACCCTAACATTA,0.000000,1
21,TTTCTGAGCTCATGACTACT,0.000000,1
22,AGGCTCTGCTCTTCCGTTTT,0.000000,1
23,ATCCCAGTCGGGCACACGGT,0.000000,1
24,GGCAAACACAGCAATGATCA,0.000000,1
25,TCCATGCCCAACTCACTTTA,0.000000,1
26,TACTACCAATAACAGGCTAT,0.000000,1
27,TTAACACCGTAGAGTCGGCC,0.000000,1
28,ATACTGATCTCTGGGGTCGC,0.000000,1
29,CTTGGAGTTCAGCTCGAGCT,0.000000,1
30,CATAGCTTTCGGATTTGACA,0.000000,1
31,CCTATCTTTACGAGTTAGGA,0.000000,1
32,GGGTGCTTAGGCGCGGGCGC,0.000000,1
33,TAGGGTAGGGGTGAGGGGAG,0.000000,1
34,GCACGAGCCCACTTTGCCCC,0.000000,1
35,CCTCGAATAGCACTATTAAG,0.000000,1
36,GTAAGCAGTAAGCATACTGA,0.000000,1
37,TTTATTAGATTGAAAATGTT,0.000000,1
38,ATTTTTATTTTCAAGATTAT,0.000000,1
39,TCCGGAGGAGGAGGTCGCTG,0.000000,1
40,AACGCTGGGCTTTGATAAGG,0.000000,1
41,TGGGACACGCCTGTAAGTAA,0.000000,1
42,TTCTTTGTGCACTGTTGTTG,0.000000,1
43,TCACGTAGAAACTTTAGAAT,0.000000,1
44,GAGTCAACAGTAACTAGTCA,0.000000,1
45,TTTACTTAGTGTTGTATTAA,0.000000,1
46,ATTATCGCAAGGAGGTTGTT,0.000000,1
47,TAGAATATAACATCCATTGG,0.000000,1
48,TTCCTCATTCTGATGACTTA,0.000000,1
49,AGGATCATCTTTGTCATACA,0.000000,1
50,CCGTAATAGAGGAAAGCACT,0.000000,1
51,TCTCAGTCGAGCATCCGTTT,0.000000,1
52,TTCTGAGGGTACAGGTGTCT,0.000000,1
53,GCATGCATGGTTTTATCCCT,0.000000,1
54,GTAGGCTTTTTTATTAGTGT,0.000000,1
55,CCAAAAATATGTACTTAGTA,0.000000,1
56,TTGTAACTACAAGGTGTTAG,0.000000,1
57,CGTTTTATGGCTTTAGCTCT,0.000000,1
58,TAGTTTGTGTACATACAGTA,0.000000,1
59,TTTAGTACCACGTTCTTCCA,0.000000,1
60,AATCCTCAACCACTCGATTA,0.000000,1
61,GTTTCTATAAGTTGAAGCAT,0.000000,1
62,GTTAATTCGTTTAGAGGGCA,0.000000,1
63,AACATCGTATAAGAACTGAA,0.000000,1
64,TAATGATTCTAGTCGTTACT,0.000000,1
65,CGTAGTTCATGAGCCACATG,0.000000,1
66,TGACATACGACAGCTGCCCT,0.000000,1
67,TGATGAGATGGGAAGATAGT,0.000000,1
68,CCACATCTATGCTCTTTCTA,0.000000,1
69,GCCCGCGCGCGGCCAGGGGT,0.000000,1
70,ATTGTGCAGTCCCGTTGTTG,0.000000,1
71,ACATGCTCATTAAGTAGAAT,0.000000,1
72,CAGCTTTATCCGCGGGATTG,0.000000,1
73,CCGATAGTATATGAGACATT,0.000000,1
74,TAATAACGGTGATCAGACCA,0.000000,1
75,CTCTTGCTGAACTGCGAACT,0.000000,1
76,AGCATATCAGGGTATCGGTT,0.000000,1
77,GCTAATGATTGAAGGCCTGT,0.000000,1
78,GATGACCGTATGCCTACTTA,0.000000,1
79,GGTCACCTTGCTATCTCAAT,0.000000,1
80,CTTTACGCCCTGACTTAGAC,0.000000,1
81,CTACACACCGCTAAGAAATT,0.000000,1
82,CTTCTTCGACTTTGAACCTG,0.000000,1
83,CTTTTACAAGGTCTCCGGAC,0.000000,1
84,CAGGACGATTGGGAGCCCTC,0.000000,1
85,CCTACCCACATGGTCTTTCG,0.000000,1
86,TTATTCGTCGCATATAACTG,0.000000,1
87,ACTCATCGACGTTTTCTAAT,0.000000,1
88,TGGTCTAGGAGTGAAAGGTT,0.000000,1
89,CGCTGTGTTGAAGAAATGGA,0.000000,1
90,CAAGTTTGTTATTTAGATTA,0.000000,1
91,TGGCCTTTTTGCAAAACAGA,0.000000,1
92,ACAATAAAAAAACGCTGTAC,0.000000,1
93,TTATGCCAAGGTCAGTTTCA,0.000000,1
94,GTAATCGGAGTTGTTATTCA,0.000000,1
95,CTTCATGCATTCTGCGTAGT,0.000000,1
96,TTTATGATCACAGATGGCAG,0.000000,1
97,CGCGATTTCATTAGATCATA,0.000000,1
98,AACTACAATATTCTAAGTCA,0.000000,1
99,TCAGGCTCTAACAAGACACA,0.000000,1
100,CAGTATAGGAGGGGATTTAT,0.000000,1
101,TATAGTGTACTAAAAGAAAG,0.000000,1
102,ATTATACTTTGGCGATACCA,0.000000,1
103,ATAATTACGAGCTAGTGGTA,0.000000,1
104,AGAAAATATGCTAAATCAGA,0.000000,1
105,ATCATTGCGGAGGGTTACAG,0.000000,1
106,TTCGATTGAGCAGTGCTATT,0.000000,1
107,CAACTGAGCAGATGGTTTAA,0.000000,1
108,GTCAGTTCCTCAATCTTGAA,0.000000,1
109,ACGTCCATTGCACATTGGCG,0.000000,1
110,CATAATTCAACCCATTAAAA,0.000000,1
111,CCAGGCACTGTATACTAGTT,0.000000,1
112,ACGCCCAATAAAGCATGAGG,0.000000,1
113,TCTATTTGCTGTTTGTCGTA,0.000000,1
114,CCGTATCATATGCTGGTTAA,0.000000,1
115,AAGGAATTCAAAGTATAAGT,0.000000,1
116,GCACATGGAGAACTTGGATC,0.000000,1
117,AGTCGTGTAACAGCGTCCAC,0.000000,1
118,TTTGCGCAGCACCGTTTAAA,0.000000,1
119,TGAAATTGGATTGGTCACGA,0.000000,1
120,AAAAACATTATGCCTGATCT,0.000000,1
121,CTGCTTTTGTATCGACGGAA,0.000000,1
122,ACAATATACGGCGCTGCCTT,0.000000,1
123,TGTTTTAGGCGGTGGGCAGG,0.000000,1
124,GGTGCCAACCATTCTCGCAA,0.000000,1
125,CAGCAAACGGAAACAGCTAA,0.000000,1
126,TATCTTCCTTCATTGGCACA,0.000000,1
127,GAATATTAGTATTGTCAAGG,0.000000,1
128,CGGAAGTGGGCCGAGACGGG,0.000000,1
129,TGGCAACTAGTTACTGCGTA,0.000000,1
130,TAGGCTTTGTAGTGCTCTAG,0.000000,1
131,TAATTAAATCTACTGGTTAT,0.000000,1
132,TGTCACATTTGAGGATAGTG,0.000000,1
133,CCCTTGTTGGCCAAACGGTT,0.000000,1
134,TAGAAACAGGACGCCCGAAA,0.000000,1
135,TGATTGAGCTAGCAGTACAT,0.000000,1
136,TCTGATACTATCGCGGAGCG,0.000000,1
137,GCGTACGATGCTGTTTAAAT,0.000000,1
138,TGCGTTTGTATTAAGCGTTG,0.000000,1
139,CAGGTGGTCTTGTATTATAG,0.000000,1
140,CTGTAATTATCGATCCTAGA,0.000000,1
141,AGCTATGTGGAATTTGCATT,0.000000,1
142,ACCTTCGGGATCGGGCGGGG,0.000000,1
143,ACGACTAACTGCACCTACAA,0.000000,1
144,CTACTCATTAAATTTGGGTG,0.000000,1
145,CGTACTGCACGCGTTGAGGA,0.000000,1
146,CCGAATAGGTAGCGCGTGAA,0.000000,1
147,ATTTATCTTGGATCCGAGGA,0.000000,1
148,ATCGGTTAAACCTTACGATG,0.000000,1
149,ATCACTTCTTCATATATAGT,0.000000,1
150,ACTATACAACGTCACTGATA,0.000000,1
151,TTCATTGGTATTCATTGGTA,0.000000,1
152,TTAGAAACTCGCAATTTTCT,0.000000,1
153,ATACACCTTATACGGCTCAC,0.000000,1
154,GATCCGATAGACGTCGTAAT,0.000000,1
155,GCCAATAGCCGTCGATCCTG,0.000000,1
156,CTTATCAATAGCGAGGATGG,0.000000,1
157,TACTGACGAAAACATTAACT,0.000000,1
158,CTTGCATTACTGGAGGGATT,0.000000,1
159,TGAAGAGTAATTAGAAGTGA,0.000000,1
160,TCAGCGCCTAAAATTTTTTG,0.000000,1
161,TCCCTACTTTTGTTCTCTGG,0.000000,1
162,CATTGCTTGCGCCATCATTG,0.000000,1
163,CCTGGATAGGGGGCTCCAGA,0.000000,1
164,ACAGGTATGACTGTCATTAC,0.000000,1
165,GATAATGGTTGACTACTTTA,0.000000,1
166,AGATACTGTTCAGGCCAGGG,0.000000,1
167,TGTTTTTCACTACGAGCGCT,0.000000,1
168,GTATCCTGAACCGCTGTGTT,0.000000,1
169,CTATGAGCTCGGACTAAGGT,0.000000,1
170,TCACAGTAGCGGGCGGGTGA,0.000000,1
171,ATCTGTGTGGCGGACCCTTC,0.000000,1
172,ATCAATGACTTTGTAGAAAG,0.000000,1
173,CGAACTTAGGATCATGACGC,0.000000,1
174,GGGCACTTTCAAAGGGAGTG,0.000000,1
175,CGTGAAACTGTCGTTTTCTT,0.000000,1
176,GGGAAGGACGGTTTTTTGGG,0.000000,1
177,TAGGACTTCTCAGGTTACTG,0.000000,1
178,ATTACACGTGGGGAGTAAGT,0.000000,1
179,TGCCCGTTTTTGACAGGATA,0.000000,1
180,TACCGAATTTCGCATGGGCT,0.000000,1
181,TTCAGCATACGGTGGTGTCA,0.000000,1
182,ATCGGACACTTTCGACGGTT,0.000000,1
183,GCGTTGGTTAACTCTCCGTC,0.000000,1
184,GTTTCTGCTTTGATCGTTGT,0.000000,1
185,TGTGTTGTTGTGATATTCCC,0.000000,1
186,ACGCATACCTTGGTATACGA,0.000000,1
187,AGATTGTGGGCTGTTGTCTG,0.000000,1
188,TCAGCAATGCCGTGTGGTAA,0.000000,1
189,TTTTAGAGTGGTAAAGTTTA,0.000000,1
190,ATGCTGCCGTGGTAACGGTA,0.000000,1
191,TGCACTCTGGGTGTAAAAGG,0.000000,1
192,TATCGAAAGTCGTCTTGTAG,0.000000,1
193,TTGGGTAAGTCAACTAAATA,0.000000,1
194,GAATATGCGACTTCTTCATT,0.000000,1
195,AAGCCGGTTCTTCTGCCTTC,0.000000,1
196,TCTAAGCCGAGTACCAGCTA,0.000000,1
197,ACAGCAGCGCCTACTGAAAT,0.000000,1
198,ATTTACCATGGCATCGGCTG,0.000000,1
199,ACAAATACAAGTGTGAATGG,0.000000,1
200,AATACCTATGGAAAATCCAC,0.000000,1
201,AACATCCAAGCATGACGAAC,0.000000,1
202,TCCCTAAATAATTACTTAAG,0.000000,1
203,AAGTCTATCCGTAAGACGGG,0.000000,1
204,TACCACCATTGCAGAAGTAC,0.000000,1
205,CCTACACATCAAAGCTTATG,0.000000,1
206,TCCATAAGGGAGTTCACGGT,0.000000,1
207,GAGGCACGCAAAACTCATTG,0.000000,1
208,CAGCACGAGTGGGGGACGCA,0.000000,1
209,CTCGCCATGGAACCCTCGAT,0.000000,1
210,TATTAAAGGAGGGTTGGGTA,0.000000,1
211,AAGTACCGTCGACAGGGTAT,0.000000,1
212,ATACTAGTGCTGCTGATTCG,0.000000,1
213,TACAGATCATTCGCGGCGTA,0.000000,1
214,GCCAGCAACAATGGTTACGT,0.000000,1
215,TTCAAAAGTTCCCAGTGACC,0.000000,1
216,AGAAATTAGGTAGAACGCCG,0.000000,1
217,TTTGTTCTGCCACGTGTGAT,0.000000,1
218,AGAGGAAAGGGAGTTAGGAA,0.000000,1
219,TGCTGAGTGTGCATGTGGTT,0.000000,1
220,AACCGGATGCTTAAATTGGA,0.000000,1
221,GCCATATTTTTATGTTGAGA,0.000000,1
222,TTAACTACAACCAGACCCTC,0.000000,1
223,CTTATTCCTCCAGTGTGCAC,0.000000,1
224,TTGCAATGAGCATCAACATT,0.000000,1
225,ATCCGAATATGCAAAGTAGG,0.000000,1
226,ACGGTTCCGCATGTAAAACG,0.000000,1
227,TAAGCATATCTAGGTGTAAA,0.000000,1
228,GATATTATATACCTCTCGAA,0.000000,1
229,GTTGTCTGGCAAACATATGA,0.000000,1
230,ACCCCAACATTTGATCAATA,0.000000,1
231,GACGGGTAATCCTGCCCAAT,0.000000,1
232,TCGTGTTTTTTTATGAGCAC,0.000000,1
233,AAATTGTCCGCGACTCGGGT,0.000000,1
234,GGAGACTCTAGGGCCTCGTA,0.000000,1
235,AAGGCCGGGTCTGGGTGCTC,0.000000,1
236,GCTGAGTCGCATTGTGTCCC,0.000000,1
237,AACCTTCTAGTCTGAATAAA,0.000000,1
238,GGTTCTTGACACCGATAAAC,0.000000,1
239,ATGCAACAGAGTCGATAAGT,0.000000,1
240,AAGTCGAATCTAGCATCGCCA,0.000000,1
241,CTGGGGCGGAAGATTGGTGAC,0.000000,1
242,GTGAGACGTGGCGTTGCGAGCT,0.000000,1
243,GGTACCGGAAAATAAATAATATCTTC,0.000000,1
244,GGTACCCACAAGGAAATGGATTAAGA,0.000000,1
