center,colum1
TCCACAGCGAAACTAGTGTTT,1
GAGGCTCCCTTGAGCAATCAAG,1
GGTACCAACAATCTAACTGGGTATTG,1
GGTACCCTAAATGAAACACTTATAGC,1
GGTACCTAAAGCAGAAAATTTGT,1
AATCTAACATGAAGAGATA,1
GGTTAACCATAAATTTTCA,1
TCCCTCTATGGCATTTCCA,4
ATCTTGTTTTGGACTTGCT,1
TAACCTCTTTGTGTTCTAA,1
GAGCCTTAGGCCAATAGTA,1
TACGAAAAGATTATAGTTTA,1
TGTCCAAAGGAATATCTCAG,1
GCACTAACCAGTCTAAGGAT,1
AACTTAACCGTGAGTGTGTC,1
AATTTAACCTGTCGCCGGAA,1
ACAGGAACTAGCCGGTTTAA,1
CCAAGAAGCATCACAGTTTT,1
TCTTCAAGCTGTCTTCTAAA,1
ACGACAAGGATAAGGTGTAA,1
CTCTAAAGGGTTTATGTAGC,1
GCAACAAGGTTTTCAGATCA,1
TAGTTAAGTCTCACAGCTGT,1
ATAACAAGTGGTCGTAAGAC,1
TTTTTAATCCAAGCCTAAAA,1
ATCTAAATTCCACGAGAGAA,1
TAGGCAATTCGTCAGCCCAA,1
ACAGAACAACATCCGTAACA,1
AGCATACAATTGGAGAGCAA,1
AATAGACACCGCCCTATTGT,1
GCACTACAGTTTTACCACGA,1
TCGTGACATTAACGCATAAC,1
TAAACACCATAATAAGCAAG,1
ACTACACCCGGCTGTTCGAA,1
GATTTACGTCGTGGAGTGTT,1
AAGCCACGTGAGTAGCGCCG,1
GTTATACTCTGAGTGCTAAT,1
CAGAGACTGGCGCGTATAAA,1
CGGGCACTGGCCCGAGCTTC,1
AGGGTAGAAATCGAATTGAA,1
GTAGGAGATTTTATCGGACA,1
CCAACAGCAATTTATTGAAA,1
TTTAGAGCCCGTTAACTGCA,1
TCAATAGCGTCAATTTAGTT,1
ATGGGAGGCGATTCAGACAC,1
CGATTAGGGAAGTCAAAAGG,1
CCCGCAGGGGGAGGGCGGCG,1
AAACTAGTAGGGGCTACCGT,1
TAGACAGTATTAGTATCTTT,1
TCAAGAGTCATCACAGAAAC,1
TTATAAGTCAAGACATTCAT,1
TCGTCAGTGCGAGACATTCA,1
AGGATAGTGTATTCGGAATT,1
TATTGATAAACCGGCTAGTA,1
GGCAAATAACCTATGATATA,1
GTCACATAAGGGAGCCGACG,1
GTTGAATAGGCACAACGAAT,1
TCAACATAGTGACCCAACTG,1
TTGTAATATAATCCCGTAAT,2
TAAATATATGTACTTTTCAC,1
GTCTCATATTAACCACAGCG,1
GATTTATCGACAATCTCTAG,1
ACTCAATGCATTCTAAAAAC,1
AGATTATGTATAGTTGTATA,1
CAGCTATGTACACTAACCAT,1
CTCAAATTCATTTACTATAG,1
CCAATATTCCATTAGGTAAT,1
CCTGAATTTAGGACTGGATT,1
AACACATTTGATAATTAAAG,1
TGGGAATTTTGTGACCGCGG,1
GTTACCAACGTCTCTGATTA,1
ACATACAATAGTCTAATGAA,1
TCGGACAATAGGAAAGTAGA,1
TCACGCAATGAGACAATTAT,1
AGCTCCAATTGGAATAAATA,1
TTACTCAGATTCGGGGCACG,1
GAAAACAGCATACAATATAA,1
AATCCCAGCCCACCTTGCAA,1
CTGCTCAGTCGGGGTTGCCT,1
TACAGCATCGCCTACCAGAG,1
TTAAGCATGACTTCTAGGTT,1
CTACTCATTCGGTTGGGGGC,1
GATATCCAAGACTGTGTACA,1
GCACCCCAAGGGCATCGGCG,1
TAGCTCCAGGAACGCGCGAC,1
GTGTCCCATTTTATTGTGCG,1
TATGTCCATTGCCCTCATCT,1
TGGATCCCCAGGTACGTCAT,1
TGTTCCCCGTTTTTTGTATT,1
AGCACCCCTAGGGGACATAG,1
TTAAGCCCTGTGGACCACTG,1
CCGTGCCGACCGGCAAGATC,1
TTTTACCGCGAGCCCACGTC,1
TGCCCCCGGGTAGCCTAAAA,1
CTACACCGGTGCCTGACAAT,1
TCTGACCGTGGTCTGGGGGG,1
GCCGGCCTAGTGTATTGAGG,1
CCTGCCCTCACCCGCGGAGC,1
CCTCGCCTTCTTAGGCCATA,1
GCGTGCGATTGGCAGGTCTT,1
TACACCGCACAGTTAGCCAG,1
AACCCCGCGGCGGAGTGCTG,1
ATCACCGCGGCCTTCGGGTA,1
TCCTTCGGATCTATGAACGT,1
CTCGACGGCGCACATGCGAA,1
GGGCGCGGGCCCGCCGCCAT,1
TATTACGGGTGTCCATCTAC,1
AGGATCGTCGCAGTTTAAAC,1
GCGACCTCACGGAGAAGGAA,1
CGTATCTCATTCGGAGTTCC,1
TTCATCTCGTAATTAGGGAT,1
ATACTCTCTTGGTTGAAACC,1
GCTTCCTGGTTATACGTCTG,1
TCAATCTGTACTTTGAATGT,1
CAACTCTTATGATGGAAATC,1
ATGCTCTTCGAGTAGACTAA,1
AATGTCTTCTGACGTCTTAA,1
TGAAACTTTAGTAGGCGGAC,1
TCTTCGAATTGGGCCTTTAC,1
TTTTCGACGACTTAGCGACT,1
TATAAGAGTTGAGAGCAAAC,1
AGTACGATATTCATAGAAGC,1
TAAGCGATATTGTTGCTGTC,1
TGAAGGATATGTCTTGATGT,1
CTGACGATCTACGACAGCGA,1
ACGGTGATGGACATTGCCCG,1
TTGTTGATGTGCGTTAAAAA,1
CGTCAGCAAGCGGGAATACG,1
CAAACGCAGAATAAGGGTAT,1
GGGGTGCCGTTTAGTGAGGG,1
GCGGAGCGGAAGCTATATAA,1
AATTCGCGGTCCTCCACGAG,1
AGCGTGCGGTATAGGTTGAG,1
CGGGGGCGTGCCCGCACGGG,1
ACGTGGCGTTCCGCGTTGTA,1
AGAATGCTTATGGGGCAGGT,1
CGGGAGCTTCTATTGCGCAA,1
GGTGCGCTTCCTTCTTAAAA,1
TAGATGGGCGTCGGGATCTC,1
AACACGGGCTATAAAGGTTG,1
AATCTGGGTTATGACCCTAT,1
GCCTTGGTAACCAAATTGTG,1
AAAACGGTTAATTAAGTCAT,1
ATAGCGGTTCCGCTGGCGAG,1
TTAAAGGTTGGACGTGGGCG,1
AGCCTGTAGTAAGAGGTGTA,1
TTTTAGTCCAGTAGGATTTC,1
AAAACGTCGGAATGACGCTA,1
GTGATGTCTCGTGTTTCGAT,1
CAGGCGTCTGGTTATTTGTC,1
AACTCGTGGCAAAATATATC,1
GGGGGGTGGCTAGGTGGAAT,1
CGATTGTTAACATACGTCAT,1
AGGGGGTTCAATCTAGCTTT,1
AATACGTTCCCTACCTTAAT,1
GATGTGTTCTCCACGATAAA,1
TCGTAGTTGCCCTTGCTTAA,1
ATGCTGTTGGGGCATTAAAC,1
GAGACGTTTACTTAGCTTAC,1
CAAGCGTTTCCACACATCCT,1
TGCCTTAAAATAGACGAGTA,1
AGCGATACAGAACTTCGTGA,1
ACAATTACCCTATAATTGTA,1
TAGGTTACGTACGGAGCTTC,1
AGCAATAGCAGAGATGTCGA,1
TGAGATAGCCGCTCGAAAGT,1
TGCTCTAGCGTGGCAAGGGA,1
ACTTCTAGGTCGACGATGTA,1
AGGGCTAGTACTGGGCAAAA,1
GACACTAGTCCATACGGTGT,1
GATTATATAATATCAATCAG,1
GCGGATATAATCTGACTTGG,1
TACCTTATATAATCATAGCG,1
AACTGTATCCACTGAATAAT,1
ATTTTTATCGGGCCCAGTGT,1
CTGGTTATTAGTACGAGCTG,1
AATAGTATTGGGTGAAAGTG,1
GGTCTTATTTGATTTGTACC,1
CTTAATCAATGCAATGTAGA,1
GGTCTTCACTGCTACCGGAG,1
CATTGTCATACGAATGAAAG,1
GGGGGTCCACGACACATGTG,1
TCACCTCCGTTGCAGACTAT,1
CCCGTTCGAACGAGACCTAA,1
TATGATCGAATTTTGTTGTA,1
TATTTTCGGATGATAAAAGC,1
TGGCCTCGGCGGTGTGGCTT,1
CGACTTCGTACCTTCGCATA,1
CTCGATCTCATTTGGGTAAA,1
TTTCATCTCCTAGTCATCTA,1
ATGAATCTGATAGCAGAATC,1
TACACTCTTTTCTTGAATGA,1
TTCTATGAACAAGTATGGTA,1
TTCAATGACATTATGATTGA,1
TGAGATGAGACTGTTATAAC,1
CACGATGATCCGTTGTGGCA,1
GACTGTGCATGGCTATGAGT,1
CAAGGTGCTCTGTCGGACGT,1
TACGGTGGACTAGCTATAGT,1
GGATGTGGCCAGGGGGGGGA,1
GTTTATGGGCGAGAGTCCAA,1
ATGTGTGGGTCTGTTTCAGT,1
GGTTTTGTAGTTACGGGTCG,1
CAATGTGTGTGTTTGTACAA,1
TTGTTTGTGTGGAGGGTTTG,1
AGATATTACGATATTACTCA,1
CAGCATTACGGCACCATAGC,1
ATATATTAGTGGAGCGATTT,1
ATAATTTCATTGAGTTTTCA,1
TGTTCTTCGCAGGGATTCTG,1
CTCCTTTCTAGGGTTGGGGT,1
CCAAGTTCTCTTCAGGTGTC,1
TCATATTCTCCTCAGTTATA,1
AAAATTTCTTATGCCGACAA,1
AACTATTCTTCAAGGTAAAT,1
CTTTATTGCAATTTTTGTTG,1
GGCATTTGCAGACACTCGTG,1
GTTGTTTGTCGCGGTGGGTG,1
AGATATTGTGCAAGTGCTAG,1
ATAAATTTGCATTAATTAGA,1
GACACTTTGCAGTCGTAGAT,1
TTTATTTTGTTCAGTTAGAT,1
