Unique.reads,Frequency,Cluster.ID
CCTGTAACTATACATCAA,4,1
TATTCAGCAGGATTGATAC,4,2
ACAGAATTAAGAATTGTAT,4,3
ACTCACAAAACTTTATATC,4,4
GCACCTTCATAAGTGCGCC,4,5
ACTCCGATTCACTAAGTGA,4,6
TAGATCTGCTGAGAATGGA,4,7
CAGTTCAAGTGCGGGCGAC,4,8
TCGTACAACGGAGATATAAG,4,9
GTTTCTATAAGTTGAAGCAT,4,10
TCATCTTTCACGTTTGTCGG,4,11
TAATAACGGTGATCAGACCA,4,12
TCTGATACTATCGCGGAGCG,4,13
AACAGGTTAAACGTTCAAAT,4,14
GACTGAGACGGTGCAGGATA,4,15
CGCTGTGTTGAAGAAATGGA,4,16
AGTCTTAGAAGTTGAACGCG,4,17
TAGAAACAGGACGCCCGAAA,4,18
CCTACTACCTCATGATGGTG,4,19
TAAGCATATCTAGGTGTAAA,4,20
ATGATTACTAAGCACGGGAG,4,21
TTTCTGAGCTCATGACTACT,4,22
TCTCAGTCGAGCATCCGTTT,4,23
AGGCTCTGCTCTTCCGTTTT,4,24
TTCTGAGGGTACAGGTGTCT,4,25
ATCCCAGTCGGGCACACGGT,4,26
TACCGAATTTCGCATGGGCT,4,27
ATACTGATCTCTGGGGTCGC,4,28
CCCTTGTTGGCCAAACGGTT,4,29
CTTGGAGTTCAGCTCGAGCT,4,30
TGTTTTAGGCGGTGGGCAGG,4,31
ATCTGTGTGGCGGACCCTTC,4,32
TTGCAATGAGCATCAACATT,4,33
TCCCTACTTTTGTTCTCTGG,4,34
ACGTCCATTGCACATTGGCG,4,35
GCCCGCGCGCGGCCAGGGGT,4,36
ATGCAACAGAGTCGATAAGT,4,37
TCCATAAGGGAGTTCACGGT,4,38
GTAGGCTTTTTTATTAGTGT,4,39
TGGTCTAGGAGTGAAAGGTT,4,40
GCCAATAGCCGTCGATCCTG,4,41
TAGTTTGTGTACATACAGTA,4,42
GCCATATTTTTATGTTGAGA,4,43
AAATTGTCCGCGACTCGGGT,4,44
TACTACCAATAACAGGCTAT,4,45
TCGTGTTTTTTTATGAGCAC,4,46
TACCACCATTGCAGAAGTAC,4,47
GACGGGTAATCCTGCCCAAT,4,48
ATTTACCATGGCATCGGCTG,4,49
TTATGCCAAGGTCAGTTTCA,4,50
CATAGCTTTCGGATTTGACA,4,51
CCACATCTATGCTCTTTCTA,4,52
TATCTTCCTTCATTGGCACA,4,53
GATATTATATACCTCTCGAA,4,54
CAGTATAGGAGGGGATTTAT,4,55
CGAACTTAGGATCATGACGC,4,56
GCCAGCAACAATGGTTACGT,4,57
CTTCTTCGACTTTGAACCTG,4,58
CCGTATCATATGCTGGTTAA,4,59
CCTACCCACATGGTCTTTCG,4,60
TGCTGAGTGTGCATGTGGTT,4,61
CCGATAGTATATGAGACATT,4,62
TCAGCAATGCCGTGTGGTAA,4,63
TATTAAAGGAGGGTTGGGTA,4,64
TGACATACGACAGCTGCCCT,4,65
GCATGCATGGTTTTATCCCT,4,66
TCACGTAGAAACTTTAGAAT,4,67
TCAGCGCCTAAAATTTTTTG,4,68
CCAAAAATATGTACTTAGTA,4,69
GCACGAGCCCACTTTGCCCC,4,70
CCTATCTTTACGAGTTAGGA,4,71
CCTACACATCAAAGCTTATG,4,72
TTAACACCGTAGAGTCGGCC,4,73
GATCCGATAGACGTCGTAAT,4,74
AACTACAATATTCTAAGTCA,4,75
GGAGACTCTAGGGCCTCGTA,4,76
TCTAAGCCGAGTACCAGCTA,4,77
GTTAATTCGTTTAGAGGGCA,4,78
ATACTAGTGCTGCTGATTCG,4,79
ATCCGAATATGCAAAGTAGG,4,80
CCGAATAGGTAGCGCGTGAA,4,81
CGTGAAACTGTCGTTTTCTT,4,82
TTAACTACAACCAGACCCTC,4,83
AGAGGAAAGGGAGTTAGGAA,4,84
TTTTAGAGTGGTAAAGTTTA,4,85
ATTGTGCAGTCCCGTTGTTG,4,86
TATCGAAAGTCGTCTTGTAG,4,87
ATGCTGCCGTGGTAACGGTA,4,88
ATCACTTCTTCATATATAGT,4,89
GGCAAACACAGCAATGATCA,4,90
CAGGTGGTCTTGTATTATAG,4,91
CGTAGTTCATGAGCCACATG,4,92
GGGGATACGAATACCACGGA,4,93
AGATTGTGGGCTGTTGTCTG,4,94
ACGCATACCTTGGTATACGA,4,95
AGAAAATATGCTAAATCAGA,4,96
GTTTCTGCTTTGATCGTTGT,4,97
TCTATTTGCTGTTTGTCGTA,4,98
ATCGGACACTTTCGACGGTT,4,99
ATTATCGCAAGGAGGTTGTT,4,100
AGAAATTAGGTAGAACGCCG,4,101
TAGAATATAACATCCATTGG,4,102
TGAAGAGTAATTAGAAGTGA,4,103
CTACTCATTAAATTTGGGTG,4,104
GATGACCGTATGCCTACTTA,4,105
TATAGTGTACTAAAAGAAAG,4,106
AACCTTCTAGTCTGAATAAA,4,107
GAATATGCGACTTCTTCATT,4,108
TGCCCGTTTTTGACAGGATA,4,109
TAATTAAATCTACTGGTTAT,4,110
GTTGTCTGGCAAACATATGA,4,111
GCACATGGAGAACTTGGATC,4,112
CCGTAATAGAGGAAAGCACT,4,113
AAAAACATTATGCCTGATCT,4,114
GGGAAGGACGGTTTTTTGGG,4,115
GATAATGGTTGACTACTTTA,4,116
GCGTTGGTTAACTCTCCGTC,4,117
TTATTCGTCGCATATAACTG,4,118
AACCGGATGCTTAAATTGGA,4,119
AAAACTAGAGGTTGCGATGT,4,120
TGTTTTTCACTACGAGCGCT,4,121
GGGTGCTTAGGCGCGGGCGC,4,122
CTTATTCCTCCAGTGTGCAC,4,123
ATTTATCTTGGATCCGAGGA,4,124
TACAGATCATTCGCGGCGTA,4,125
GCGTACGATGCTGTTTAAAT,4,126
AATACCTATGGAAAATCCAC,4,127
TGGGACACGCCTGTAAGTAA,4,128
CCTGGATAGGGGGCTCCAGA,4,129
CTCTTGCTGAACTGCGAACT,4,130
TTCGATTGAGCAGTGCTATT,4,131
TTCATTGGTATTCATTGGTA,4,132
GGTTCTTGACACCGATAAAC,4,133
CCAGGCACTGTATACTAGTT,4,134
TGCACTCTGGGTGTAAAAGG,4,135
GCTGAGTCGCATTGTGTCCC,4,136
GAGGCACGCAAAACTCATTG,4,137
TGAAATTGGATTGGTCACGA,4,138
GAGTCAACAGTAACTAGTCA,4,139
CAGGACGATTGGGAGCCCTC,4,140
AAGGAATTCAAAGTATAAGT,4,141
TAGGCTTTGTAGTGCTCTAG,4,142
ACGGTTCCGCATGTAAAACG,4,143
CATAATTCAACCCATTAAAA,4,144
TTTGTTCTGCCACGTGTGAT,4,145
ATACACCTTATACGGCTCAC,4,146
TAATGATTCTAGTCGTTACT,4,147
ATTATACTTTGGCGATACCA,4,148
CTATGAGCTCGGACTAAGGT,4,149
ACAGCAGCGCCTACTGAAAT,4,150
TTCAGCATACGGTGGTGTCA,4,151
AGGATCATCTTTGTCATACA,4,152
AGCTATGTGGAATTTGCATT,4,153
TTTATGATCACAGATGGCAG,4,154
CTTTTACAAGGTCTCCGGAC,4,155
ATAATTACGAGCTAGTGGTA,4,156
CAAGTTTGTTATTTAGATTA,4,157
AAGTCTATCCGTAAGACGGG,4,158
TTTAGTACCACGTTCTTCCA,4,159
TGATGAGATGGGAAGATAGT,4,160
GGTGCCAACCATTCTCGCAA,4,161
CTGCTTTTGTATCGACGGAA,4,162
TTCAAAAGTTCCCAGTGACC,4,163
AATCCTCAACCACTCGATTA,4,164
TTTGCGCAGCACCGTTTAAA,4,165
TTGTAACTACAAGGTGTTAG,4,166
TCTGTAATACCCTAACATTA,4,167
AACATCCAAGCATGACGAAC,4,168
AACATCGTATAAGAACTGAA,4,169
ACCCCAACATTTGATCAATA,4,170
CGTTTTATGGCTTTAGCTCT,4,171
GGTCACCTTGCTATCTCAAT,4,172
AGCATATCAGGGTATCGGTT,4,173
TGTGTTGTTGTGATATTCCC,4,174
GCTAATGATTGAAGGCCTGT,4,175
CGGAAGTGGGCCGAGACGGG,4,176
CTCGCCATGGAACCCTCGAT,4,177
ATCGGTTAAACCTTACGATG,4,178
CTTTACGCCCTGACTTAGAC,4,179
GAATATTAGTATTGTCAAGG,4,180
CAACTGAGCAGATGGTTTAA,4,181
ATCATTGCGGAGGGTTACAG,4,182
TTGGGTAAGTCAACTAAATA,4,183
TGGCAACTAGTTACTGCGTA,4,184
CATTGCTTGCGCCATCATTG,4,185
TTAGAAACTCGCAATTTTCT,4,186
CTGTAATTATCGATCCTAGA,4,187
ACTATACAACGTCACTGATA,4,188
AGATACTGTTCAGGCCAGGG,4,189
TGATTGAGCTAGCAGTACAT,4,190
TCAGGCTCTAACAAGACACA,4,191
CTTGCATTACTGGAGGGATT,4,192
CTACACACCGCTAAGAAATT,4,193
TTTATTAGATTGAAAATGTT,4,194
ACCTTCGGGATCGGGCGGGG,4,195
ACAATATACGGCGCTGCCTT,4,196
TGGCCTTTTTGCAAAACAGA,4,197
TCACAGTAGCGGGCGGGTGA,4,198
AAGTACCGTCGACAGGGTAT,4,199
ACAGGTATGACTGTCATTAC,4,200
TCCCTAAATAATTACTTAAG,4,201
TAGGACTTCTCAGGTTACTG,4,202
TTTACTTAGTGTTGTATTAA,4,203
AAGCCGGTTCTTCTGCCTTC,4,204
ACAAATACAAGTGTGAATGG,4,205
ATTACACGTGGGGAGTAAGT,4,206
CGTACTGCACGCGTTGAGGA,4,207
CAGCTTTATCCGCGGGATTG,4,208
ACAATAAAAAAACGCTGTAC,4,209
TTCCTCATTCTGATGACTTA,4,210
ATTTTTATTTTCAAGATTAT,4,211
TTCTTTGTGCACTGTTGTTG,4,212
ACATGCTCATTAAGTAGAAT,4,213
TCCATGCCCAACTCACTTTA,4,214
AATAGGTATTGATCAGATAG,4,215
GTCAGTTCCTCAATCTTGAA,4,216
CAGCACGAGTGGGGGACGCA,4,217
TACTGACGAAAACATTAACT,4,218
GTAATCGGAGTTGTTATTCA,4,219
ATCAATGACTTTGTAGAAAG,4,220
CAGCAAACGGAAACAGCTAA,4,221
CGCGATTTCATTAGATCATA,4,222
GGGCACTTTCAAAGGGAGTG,4,223
GTAAGCAGTAAGCATACTGA,4,224
ACTCATCGACGTTTTCTAAT,4,225
CTTCATGCATTCTGCGTAGT,4,226
ACGCCCAATAAAGCATGAGG,4,227
ACGACTAACTGCACCTACAA,4,228
CTTATCAATAGCGAGGATGG,4,229
GGTACCGGAAAATAAATAATATCTTC,4,230
GGTACCCACAAGGAAATGGATTAAGA,4,231
