Line.Number,Barcode.Sequence,Cluster.ID
10,AAAAAAAATAGAACAATGTA,0
100,AAAAAAATTCAGGTCAGTGC,1
99,AAAAAAATTCAGCAGCCAGA,2
98,AAAAAAATTAGAACAATGTA,3
23,AAAAAAACATGATATACGAC,4
20,AAAAAAACATGATAAACGAC,4
47,AAAAAAACGTGATATACGAC,4
24,AAAAAAACATGATATACGGC,4
33,AAAAAAACCTGATATACGAC,4
19,AAAAAAACATAATATACGAG,4
22,AAAAAAACATGATATAAGAC,4
21,AAAAAAACATGATACACGAC,4
17,AAAAAAACACGATATACGAC,4
37,AAAAAAACGACCTCCGCTAA,5
49,AAAAAAACTACCTCCGCTAA,5
41,AAAAAAACGAGCTCCGCTAA,5
39,AAAAAAACGACCTTCGCTAA,5
36,AAAAAAACGACCTCCGCGAA,5
38,AAAAAAACGACCTCCGCTAC,5
59,AAAAAAAGCTTCGACCCCTG,6
94,AAAAAAATGAATTTGCGCTT,7
93,AAAAAAATCTTCGTCTTAGG,8
58,AAAAAAAGCTGCGACCCCTG,9
89,AAAAAAATCGATTCCAGGAC,10
53,AAAAAAAGACCGACAACCCC,11
87,AAAAAAATATTGTGGGGCTT,12
79,AAAAAAATAGGAACCGGACA,14
83,AAAAAAATAGGAGCCGGACA,14
18,AAAAAAACAGGAACCGGACA,14
81,AAAAAAATAGGAACCGGGCA,14
82,AAAAAAATAGGAACCGTACA,14
97,AAAAAAATGGGACCCGGACA,14
96,AAAAAAATGGGAACCGGACA,14
91,AAAAAAATCGGAACCGGACA,14
86,AAAAAAATAGGGACCGGACA,14
77,AAAAAAATAGAAACCGGACA,14
74,AAAAAAATAAGAACCGGACA,14
78,AAAAAAATAGGAACCGGAAA,14
80,AAAAAAATAGGAACCGGACC,14
54,AAAAAAAGAGGAACCGGACA,14
75,AAAAAAATACGAACCGGACA,14
85,AAAAAAATAGGCCCCGGACA,14
84,AAAAAAATAGGAGCTGGACA,14
76,AAAAAAATACTCGTTGTTTA,17
43,AAAAAAACGCAGTTGATAAG,19
42,AAAAAAACGCAGTTGATAAA,19
73,AAAAAAAGTTCAATTTTGGT,20
1,AAAAAAAAAAACCCTGTTAG,21
71,AAAAAAAGTGGTAACCAACC,23
70,AAAAAAAGTGCCAGTATTGA,24
69,AAAAAAAGTGAGCATCGGTT,25
8,AAAAAAAAGCCTAGGTCTAG,27
92,AAAAAAATCGGACTCTGATA,28
90,AAAAAAATCGCACTCTGATA,28
67,AAAAAAAGTCAGGATTAACG,29
66,AAAAAAAGTCAACAAACGGG,30
65,AAAAAAAGGTTTGTAAGGCT,31
64,AAAAAAAGGTTTGAGTTGCA,32
88,AAAAAAATCGAATAATACTC,33
44,AAAAAAACGCCCTAGCGTAG,34
63,AAAAAAAGGGCATAGCATTT,35
6,AAAAAAAACGGCCACGCTTC,36
60,AAAAAAAGGATATGGGAAAA,38
57,AAAAAAAGCAGGGATGTTGT,40
56,AAAAAAAGAGGGGAGTGGGG,41
55,AAAAAAAGAGGGGAGGGGGG,41
68,AAAAAAAGTGAGAGAACGAC,43
50,AAAAAAACTGCAGCAGGGAC,46
48,AAAAAAACTAAGCTTGACCT,48
52,AAAAAAAGAAGTTCTTCAAA,49
45,AAAAAAACGCGACTAAAAAT,52
31,AAAAAAACCCGTTTAACAAG,53
62,AAAAAAAGGGAGTCTATCCG,58
51,AAAAAAACTGCCGGCCATGG,59
35,AAAAAAACGAACCTATCGCT,61
14,AAAAAAAATGGTTTTTTATG,63
32,AAAAAAACCGCTCGTGCATA,64
11,AAAAAAAATAGAGCCTGTGA,66
2,AAAAAAAAAAGAGCCTGTGA,66
30,AAAAAAACCCGATACATTGG,67
29,AAAAAAACCCGATACATTGC,67
25,AAAAAAACATTACATACCCC,68
46,AAAAAAACGGGCGAGAACTA,70
27,AAAAAAACCAGTCGGCCATG,72
15,AAAAAAAATGTAATCTAGCT,73
26,AAAAAAACCACAGCGGCTAT,74
3,AAAAAAAAACATCTGCATTT,76
61,AAAAAAAGGCGTGATGCTGG,84
95,AAAAAAATGCGTGATGCAGG,84
72,AAAAAAAGTGGTGTCTACTT,86
5,AAAAAAAAATAGCGAGGTCT,87
34,AAAAAAACCTTCCGTTATAC,88
9,AAAAAAAATACCGTACAAAC,89
16,AAAAAAAATGTGGCGGCAGT,91
40,AAAAAAACGAGCCGTATATA,92
13,AAAAAAAATGAGCCTTAACC,93
12,AAAAAAAATCGCAGGTGGAG,94
28,AAAAAAACCCGAAACATTAG,95
7,AAAAAAAAGACCATTGTAGT,97
4,AAAAAAAAAGGGGCTTGTGG,100
